{
      "Synthesis and preliminary pharmacological investigations of 1 - ( 1 , 2 - dihydro - 2 - acenaphthylenyl ) piperazine derivatives as potential atypical antipsychotic agents in mice .|In research towards the development of new atypical antipsychotic agents , one strategy is that the dopaminergic system can be modulated through manipulation of the serotonergic system .|The synthesis and preliminary pharmacological evaluation of a series of potential atypical antipsychotic agents based on the structure of 1 - ( 1 , 2 - dihydro - 2 - acenaphthylenyl ) piperazine ( 7 ) is described .|Compound 7e , 5 - { 2 - [ 4 - ( 1 , 2 - dihydro - 2 - acenaphthylenyl ) piperazinyl ] ethyl } - 2 , 3 - dihy dro - 1H - indol - 2 - one , from this series showed significant affinities at the 5 - HT1A and 5 - HT2A receptors and moderate affinity at the D2 receptor .|7e exhibits a high reversal of catalepsy induced by haloperidol indicating its atypical antipsychotic nature .": {
            "['catalepsy', 'induced by', 'haloperidol']": [
                  0.7768792497355709,
                  0.792696144918043,
                  0.7869108001225037,
                  0.747267460384002,
                  0.7626588856861187,
                  0.7796036135531311,
                  0.7844329871121544,
                  0.7971619502492279,
                  0.7836321032243433,
                  0.7905557237976875
            ]
      },
      "Two cases of amisulpride overdose : a cause for prolonged QT syndrome .|Two cases of deliberate self - poisoning with 5 g and 3 . 6 g of amisulpride , respectively , are reported .|In both cases , QT prolongation and hypocalcaemia were noted .|The QT prolongation appeared to respond to administration of i . v .|calcium gluconate .": {
            "['long QT syndrome', 'induced by', 'amisulpride']": [
                  0.7942838124373278,
                  0.8002795291709583,
                  0.7996407897670839,
                  0.8052336919188252,
                  0.8053225999878317,
                  0.8073099679114463,
                  0.8020440228665013,
                  0.8002795291709583,
                  0.8052336919188252,
                  0.8053225999878317,
                  0.8073099679114463,
                  0.8020440228665013,
                  0.8002795291709583,
                  0.8052336919188252,
                  0.8053225999878317,
                  0.8073099679114463,
                  0.8020440228665014
            ],
            "['poisoning', 'not induced by', 'amisulpride']": [
                  0.7580098615565923,
                  0.7640055781085209,
                  0.7633668393628701,
                  0.7689597402229126,
                  0.7690486484068095,
                  0.7710360168815983,
                  0.765770071935419,
                  0.7640055781085209,
                  0.7689597402229126,
                  0.7690486484068095,
                  0.7710360168815983,
                  0.765770071935419,
                  0.7640055781085209,
                  0.7689597402229126,
                  0.7690486484068095,
                  0.7710360168815983,
                  0.765770071935419
            ],
            "['overdose', 'not induced by', 'amisulpride']": [
                  0.7730641973429024,
                  0.7790599138688281,
                  0.7784211748608066,
                  0.7840140761623283,
                  0.7841029842970391,
                  0.7860903525094664,
                  0.7808244076113667,
                  0.7790599138688281,
                  0.7840140761623283,
                  0.7841029842970391,
                  0.7860903525094664,
                  0.7808244076113667,
                  0.7790599138688281,
                  0.7840140761623283,
                  0.7841029842970391,
                  0.7860903525094664,
                  0.7808244076113668
            ],
            "['hypocalcaemia', 'not induced by', 'calcium gluconate']": [
                  0.7502732902863336,
                  0.754939415270297,
                  0.7557355447942817,
                  0.753355272500165,
                  0.752497651735576,
                  0.7556117622563883,
                  0.7610239833325132,
                  0.754939415270297,
                  0.753355272500165,
                  0.752497651735576,
                  0.7556117622563883,
                  0.7610239833325132,
                  0.754939415270297,
                  0.753355272500165,
                  0.752497651735576,
                  0.7556117622563883,
                  0.7610239833325133
            ],
            "['overdose', 'not induced by', 'calcium gluconate']": [
                  0.7701249418113366,
                  0.774791066714076,
                  0.7755871958835412,
                  0.7732069241982998,
                  0.7723493033778589,
                  0.7754634135207358,
                  0.7808756346019113,
                  0.774791066714076,
                  0.7732069241982998,
                  0.7723493033778589,
                  0.7754634135207358,
                  0.7808756346019113,
                  0.774791066714076,
                  0.7732069241982998,
                  0.7723493033778589,
                  0.7754634135207358,
                  0.7808756346019112
            ],
            "['long QT syndrome', 'not induced by', 'calcium gluconate']": [
                  0.784265917300947,
                  0.7889320423547146,
                  0.7897281713072845,
                  0.7873478999492071,
                  0.7864902790505885,
                  0.7896043890636585,
                  0.7950166103907165,
                  0.7889320423547146,
                  0.7873478999492071,
                  0.7864902790505885,
                  0.7896043890636585,
                  0.7950166103907165,
                  0.7889320423547146,
                  0.7873478999492071,
                  0.7864902790505885,
                  0.7896043890636585,
                  0.7950166103907164
            ],
            "['poisoning', 'not induced by', 'calcium gluconate']": [
                  0.7550706060559884,
                  0.7597367309844076,
                  0.7605328604165931,
                  0.7581525882879367,
                  0.7572949675164514,
                  0.7604090779219638,
                  0.7658212989576514,
                  0.7597367309844076,
                  0.7581525882879367,
                  0.7572949675164514,
                  0.7604090779219638,
                  0.7658212989576514,
                  0.7597367309844076,
                  0.7581525882879367,
                  0.7572949675164514,
                  0.7604090779219638,
                  0.7658212989576514
            ],
            "['hypocalcaemia', 'induced by', 'amisulpride']": [
                  0.7602911849767924,
                  0.7662869016049331,
                  0.7656481628109848,
                  0.7712410638126967,
                  0.7713299719903282,
                  0.7733173404519267,
                  0.7680513954426365,
                  0.7662869016049331,
                  0.7712410638126967,
                  0.7713299719903282,
                  0.7733173404519267,
                  0.7680513954426365,
                  0.7662869016049331,
                  0.7712410638126967,
                  0.7713299719903282,
                  0.7733173404519267,
                  0.7680513954426365
            ]
      },