{
      "Synthesis and preliminary pharmacological investigations of 1 - ( 1 , 2 - dihydro - 2 - acenaphthylenyl ) piperazine derivatives as potential atypical antipsychotic agents in mice .|In research towards the development of new atypical antipsychotic agents , one strategy is that the dopaminergic system can be modulated through manipulation of the serotonergic system .|The synthesis and preliminary pharmacological evaluation of a series of potential atypical antipsychotic agents based on the structure of 1 - ( 1 , 2 - dihydro - 2 - acenaphthylenyl ) piperazine ( 7 ) is described .|Compound 7e , 5 - { 2 - [ 4 - ( 1 , 2 - dihydro - 2 - acenaphthylenyl ) piperazinyl ] ethyl } - 2 , 3 - dihy dro - 1H - indol - 2 - one , from this series showed significant affinities at the 5 - HT1A and 5 - HT2A receptors and moderate affinity at the D2 receptor .|7e exhibits a high reversal of catalepsy induced by haloperidol indicating its atypical antipsychotic nature .": {
            "['catalepsy', 'induced by', 'haloperidol']": [
                  0.9045396882105965,
                  0.8980527016295698,
                  0.9012150846225531,
                  0.9128603387538462,
                  0.903338211472362,
                  0.8974879209908722,
                  0.9097507429046378,
                  0.9016630715738515,
                  0.9046697578237153,
                  0.9299658158105106
            ]
      },
      "Two cases of amisulpride overdose : a cause for prolonged QT syndrome .|Two cases of deliberate self - poisoning with 5 g and 3 . 6 g of amisulpride , respectively , are reported .|In both cases , QT prolongation and hypocalcaemia were noted .|The QT prolongation appeared to respond to administration of i . v .|calcium gluconate .": {
            "['long QT syndrome', 'induced by', 'amisulpride']": [
                  0.9376537780228185,
                  0.9354775804577419,
                  0.935710893705008,
                  0.9383915988567014,
                  0.9380491460554609,
                  0.9396972900894547,
                  0.9366759567433526,
                  0.9354775804577419,
                  0.9383915988567014,
                  0.9380491460554609,
                  0.9396972900894547,
                  0.9366759567433526,
                  0.9354775804577419,
                  0.9383915988567014,
                  0.9380491460554609,
                  0.9396972900894547,
                  0.9366759567433526
            ],
            "['poisoning', 'not induced by', 'amisulpride']": [
                  0.9465005574240029,
                  0.9229581876659664,
                  0.9321493784001804,
                  0.9204704420370888,
                  0.9211606573023803,
                  0.9226450531473799,
                  0.9260263596981357,
                  0.9229581876659664,
                  0.9204704420370888,
                  0.9211606573023803,
                  0.9226450531473799,
                  0.9260263596981357,
                  0.9229581876659664,
                  0.9204704420370888,
                  0.9211606573023803,
                  0.9226450531473799,
                  0.926026359698136
            ],
            "['overdose', 'not induced by', 'amisulpride']": [
                  0.9313097238488023,
                  0.9365988131640524,
                  0.9279557036862504,
                  0.9255941650241053,
                  0.926267414646945,
                  0.928029797188135,
                  0.9288818955912495,
                  0.9365988131640524,
                  0.9255941650241053,
                  0.926267414646945,
                  0.928029797188135,
                  0.9288818955912495,
                  0.9365988131640524,
                  0.9255941650241053,
                  0.926267414646945,
                  0.928029797188135,
                  0.9288818955912495
            ],
            "['hypocalcaemia', 'not induced by', 'calcium gluconate']": [
                  0.8905584372551683,
                  0.886218772647579,
                  0.889490622113338,
                  0.8877550442660832,
                  0.888115433820965,
                  0.8896384838132155,
                  0.8919741453742123,
                  0.886218772647579,
                  0.8877550442660832,
                  0.888115433820965,
                  0.8896384838132155,
                  0.8919741453742123,
                  0.886218772647579,
                  0.8877550442660832,
                  0.888115433820965,
                  0.8896384838132155,
                  0.8919741453742123
            ],
            "['overdose', 'not induced by', 'calcium gluconate']": [
                  0.9189390720001787,
                  0.92376157314216,
                  0.9156294500768208,
                  0.9100928331959234,
                  0.9103748570848949,
                  0.9125929146883105,
                  0.9177655856446583,
                  0.92376157314216,
                  0.9100928331959234,
                  0.9103748570848949,
                  0.9125929146883105,
                  0.9177655856446583,
                  0.92376157314216,
                  0.9100928331959234,
                  0.9103748570848949,
                  0.9125929146883105,
                  0.9177655856446583
            ],
            "['long QT syndrome', 'not induced by', 'calcium gluconate']": [
                  0.9147737861484647,
                  0.9131531330815807,
                  0.9135686333885882,
                  0.9150211934098824,
                  0.9147887229501496,
                  0.9171523768950063,
                  0.9173784726007654,
                  0.9131531330815807,
                  0.9150211934098824,
                  0.9147887229501496,
                  0.9171523768950063,
                  0.9173784726007654,
                  0.9131531330815807,
                  0.9150211934098824,
                  0.9147887229501496,
                  0.9171523768950063,
                  0.9173784726007654
            ],
            "['poisoning', 'not induced by', 'calcium gluconate']": [
                  0.9326175318493108,
                  0.90845925294439,
                  0.9182632226541892,
                  0.9033621766900417,
                  0.903659393074031,
                  0.905596005347079,
                  0.91331670988657,
                  0.90845925294439,
                  0.9033621766900417,
                  0.903659393074031,
                  0.905596005347079,
                  0.91331670988657,
                  0.90845925294439,
                  0.9033621766900417,
                  0.903659393074031,
                  0.905596005347079,
                  0.9133167098865698
            ],
            "['hypocalcaemia', 'induced by', 'amisulpride']": [
                  0.9275971595807311,
                  0.9226602131815191,
                  0.9257732108827851,
                  0.925270210266838,
                  0.9255204439764696,
                  0.9263595442501598,
                  0.9254621032833963,
                  0.9226602131815191,
                  0.925270210266838,
                  0.9255204439764696,
                  0.9263595442501598,
                  0.9254621032833963,
                  0.9226602131815191,
                  0.925270210266838,
                  0.9255204439764696,
                  0.9263595442501598,
                  0.9254621032833962
            ]
      },