{
      "wiki20m_rand_100": {
            "llama-2-70b-1": 0.9161528138528133,
            "gpt-4-1106-preview-1": 0.9171104465709728,
            "openchat-1": 0.9249444444444443,
            "groundtruth-1": 0.35
      }
}