{
      "cdr_rand_200": {
            "vicuna-1.5-7b-1": 0.44592910135716823,
            "vicuna-1.3-33b-1": 0.38354899258016845,
            "llama-2-7b-1": 0.4492805083825716,
            "llama-2-70b-1": 0.5776037215232764,
            "wizardlm-70b-1": 0.46215187254901563,
            "text-davinci-003-1": 0.5535319551364758,
            "gpt-3.5-turbo-instruct-1": 0.5424145764121062,
            "gpt-3.5-turbo-1106-1": 0.4033248286461615,
            "gpt-4-1": 0.490968605592888,
            "gpt-4-1106-preview-1": 0.5312075019076333,
            "mistral-1": 0.5106678747572239,
            "zephyr-7b-beta-1": 0.5771127096026921,
            "galactica-30b-1": 0.44442381061276404,
            "openchat-1": 0.3823490789101086,
            "gpt-3.5_closed-1": 0.9602869505247218,
            "gpt-3.5_semi-1": 0.9253356096290705,
            "groundtruth-1": 0.9808321628681906
      },
      "docred_rand_200": {
            "vicuna-1.5-7b-1": 0.46800222715151074,
            "vicuna-1.3-33b-1": 0.49620381894557997,
            "llama-2-7b-1": 0.606019265647808,
            "llama-2-70b-1": 0.6088566917894792,
            "wizardlm-70b-1": 0.567141656330659,
            "text-davinci-003-1": 0.5975505613540689,
            "gpt-3.5-turbo-instruct-1": 0.5621503986389962,
            "gpt-3.5-turbo-1106-1": 0.4911235793890313,
            "gpt-4-1": 0.5958798985949588,
            "gpt-4-1106-preview-1": 0.631071626122314,
            "mistral-1": 0.5516367641607319,
            "zephyr-7b-beta-1": 0.6473650404263271,
            "galactica-30b-1": 0,
            "openchat-1": 0.6174019974766679,
            "groundtruth-1": 0.8191538759525813
      },
      "nyt10m_rand_500": {
            "vicuna-1.5-7b-1": 0.6021381453851292,
            "vicuna-1.3-33b-1": 0.6515987146245686,
            "llama-2-70b-1": 0.7178155933578501,
            "wizardlm-70b-1": 0.6885162893930006,
            "text-davinci-003-1": 0.6928590010471601,
            "gpt-3.5-turbo-instruct-1": 0.7191706517789286,
            "gpt-3.5-turbo-1106-1": 0.6278064146686609,
            "gpt-4-1": 0.6821182731010315,
            "gpt-4-1106-preview-1": 0.6913296399014404,
            "mistral-1": 0.6285341657075902,
            "zephyr-7b-beta-1": 0.7376719485568242,
            "galactica-30b-1": 0.6061736016258183,
            "openchat-1": 0.6970818812642067,
            "gpt-3.5_closed-1": 0.873537055136089,
            "gpt-3.5_semi-1": 0.848823817741888,
            "groundtruth-1": 0.931020066181044
      },
      "wiki20m_rand_500": {
            "vicuna-1.5-7b-1": 0.6661329616449397,
            "vicuna-1.3-33b-1": 0.7199546290693384,
            "llama-2-7b-1": 0.7362825813713424,
            "llama-2-70b-1": 0.7612999931851664,
            "wizardlm-70b-1": 0.7296779932669518,
            "text-davinci-003-1": 0.6933567837515523,
            "gpt-3.5-turbo-instruct-1": 0.7392244668428803,
            "gpt-3.5-turbo-1106-1": 0.6475153812862837,
            "gpt-4-1": 0.701838402640378,
            "gpt-4-1106-preview-1": 0.7424627819589613,
            "mistral-1": 0.6991226671326722,
            "zephyr-7b-beta-1": 0.7897000951059225,
            "galactica-30b-1": 0.6675384104008125,
            "openchat-1": 0.7396668353559697,
            "groundtruth-1": 0.8511068887814672,
            "vicuna-1.3-33b-54": 0.7462413515244926,
            "vicuna-1.3-33b-64": 0.74958313701887,
            "vicuna-1.3-33b-74": 0.7498927595981947,
            "vicuna-1.3-33b-84": 0.7649879204107832,
            "llama-2-70b-54": 0.7932622211316627,
            "llama-2-70b-64": 0.7710383977205976,
            "llama-2-70b-74": 0.7892880769217246,
            "llama-2-70b-84": 0.7980893185018579,
            "gpt-3.5-turbo-1106-54": 0.7217952684206613,
            "gpt-3.5-turbo-1106-64": 0.7152252859261641,
            "gpt-3.5-turbo-1106-74": 0.7317284083447658,
            "gpt-3.5-turbo-1106-84": 0.7238963165127135,
            "gpt-4-1106-preview-54": 0.8088948995190892,
            "gpt-4-1106-preview-64": 0.8213926667878766,
            "gpt-4-1106-preview-74": 0.8180650270125963,
            "gpt-4-1106-preview-84": 0.8199792601393923,
            "openchat-54": 0.7726124498919836,
            "openchat-64": 0.7628022003917503,
            "openchat-74": 0.7647801291695461,
            "openchat-84": 0.7515539890079503
      },
      "tacred_rand_800": {
            "vicuna-1.5-7b-1": 0.5886458345610697,
            "vicuna-1.3-33b-1": 0.6916157422446172,
            "llama-2-7b-1": 0.7116271741808896,
            "llama-2-70b-1": 0.7680058362342337,
            "wizardlm-70b-1": 0.7210722120260545,
            "text-davinci-003-1": 0.727554595771148,
            "gpt-3.5-turbo-instruct-1": 0.725604295229068,
            "gpt-3.5-turbo-1106-1": 0.6753006333869127,
            "gpt-4-1": 0.6907936031691144,
            "gpt-4-1106-preview-1": 0.712101058057368,
            "mistral-1": 0.655387454619777,
            "zephyr-7b-beta-1": 0.7196044363881553,
            "galactica-30b-1": 0.6413966688214376,
            "openchat-1": 0.721476963616098,
            "groundtruth-1": 0.9488136850851666
      },
      "wiki80_rand_800": {
            "vicuna-1.5-7b-1": 0.6167370426796527,
            "vicuna-1.3-33b-1": 0.7379651050420517,
            "llama-2-7b-1": 0.7687389900754762,
            "llama-2-70b-1": 0.7691486377240001,
            "wizardlm-70b-1": 0.7443055449295315,
            "text-davinci-003-1": 0.7486392892745835,
            "gpt-3.5-turbo-instruct-1": 0.754306775989933,
            "gpt-3.5-turbo-1106-1": 0.6894522677262166,
            "gpt-4-1": 0.7421294618583386,
            "gpt-4-1106-preview-1": 0.7454345254834124,
            "mistral-1": 0.6774367936252346,
            "zephyr-7b-beta-1": 0.7421594601430723,
            "galactica-30b-1": 0.7325835110811806,
            "openchat-1": 0.7492844518869722,
            "groundtruth-1": 0.8435106342785795
      },
      "wiki20m_rand_100": {
            "llama-2-70b-1": 0.7947036840268796,
            "gpt-4-1106-preview-1": 0.7596207862197314,
            "openchat-1": 0.7788184104971542,
            "groundtruth-1": 0.6870097376678056
      }
}