{
      "wiki20m_rand_100": {
            "llama-2-70b-1": 0.49791686969414096,
            "gpt-4-1106-preview-1": 0.5714792349910096,
            "openchat-1": 0.5220243533241367,
            "groundtruth-1": 0.04284611353612888
      }
}