{
      "cdr_rand_200": {
            "vicuna-1.5-7b-1": 0.8690350213862527,
            "vicuna-1.3-33b-1": 0.8915135689473925,
            "llama-2-7b-1": 0.9204863486902961,
            "llama-2-70b-1": 0.8759911727326204,
            "wizardlm-70b-1": 0.9414659461392307,
            "text-davinci-003-1": 0.8719845495758335,
            "gpt-3.5-turbo-instruct-1": 0.896018501877144,
            "gpt-3.5-turbo-1106-1": 0.8919366499968028,
            "gpt-4-1": 0.9098060839841938,
            "gpt-4-1106-preview-1": 0.9194488034873634,
            "mistral-1": 0.7493895015380688,
            "zephyr-7b-beta-1": 0.7952599079486359,
            "galactica-30b-1": 0.9893333333333334,
            "openchat-1": 0.9185755120352644,
            "gpt-3.5_closed-1": 0.2651300271833974,
            "gpt-3.5_semi-1": 0.48555032956744343,
            "groundtruth-1": 0.24410656678263368
      },
      "docred_rand_200": {
            "vicuna-1.5-7b-1": 0.8191512713492801,
            "vicuna-1.3-33b-1": 0.8279910206097117,
            "llama-2-7b-1": 0.9328492121054041,
            "llama-2-70b-1": 0.8259694325937496,
            "wizardlm-70b-1": 0.949279995899821,
            "text-davinci-003-1": 0.8420967495595839,
            "gpt-3.5-turbo-instruct-1": 0.8560810258353178,
            "gpt-3.5-turbo-1106-1": 0.839791883191763,
            "gpt-4-1": 0.8275180112345035,
            "gpt-4-1106-preview-1": 0.8739033715994404,
            "mistral-1": 0.7637802577220785,
            "zephyr-7b-beta-1": 0.7939427987458313,
            "galactica-30b-1": 1.0,
            "openchat-1": 0.8212130438027044,
            "groundtruth-1": 0.6398530304575456
      },
      "nyt10m_rand_500": {
            "vicuna-1.5-7b-1": 0.8635518037518038,
            "vicuna-1.3-33b-1": 0.8013253490953491,
            "llama-2-70b-1": 0.829868498459675,
            "wizardlm-70b-1": 0.8887193210623386,
            "text-davinci-003-1": 0.813544622044622,
            "gpt-3.5-turbo-instruct-1": 0.8295036667788394,
            "gpt-3.5-turbo-1106-1": 0.8233789376333852,
            "gpt-4-1": 0.8180902332961156,
            "gpt-4-1106-preview-1": 0.8419874014874015,
            "mistral-1": 0.776077988043844,
            "zephyr-7b-beta-1": 0.8081884546447943,
            "galactica-30b-1": 0.4835730520113103,
            "openchat-1": 0.8467492174492175,
            "gpt-3.5_closed-1": 0.6942857142857142,
            "gpt-3.5_semi-1": 0.8627177002824796,
            "groundtruth-1": 0.6932380952380953
      },
      "wiki20m_rand_500": {
            "vicuna-1.5-7b-1": 0.6775809523809524,
            "vicuna-1.3-33b-1": 0.5640913632119514,
            "llama-2-7b-1": 0.7383119214119214,
            "llama-2-70b-1": 0.6198445132645134,
            "wizardlm-70b-1": 0.6781883116883116,
            "text-davinci-003-1": 0.5686841158841159,
            "gpt-3.5-turbo-instruct-1": 0.6032254839600109,
            "gpt-3.5-turbo-1106-1": 0.596848240485549,
            "gpt-4-1": 0.5619253968253968,
            "gpt-4-1106-preview-1": 0.6178153565732513,
            "mistral-1": 0.5695908314380465,
            "zephyr-7b-beta-1": 0.6553146679223769,
            "galactica-30b-1": 0.4941322146377874,
            "openchat-1": 0.6031548416495784,
            "groundtruth-1": 0.212
      },
      "tacred_rand_800": {
            "vicuna-1.5-7b-1": 0.8503046121138226,
            "vicuna-1.3-33b-1": 0.7552619478951,
            "llama-2-7b-1": 0.8525812867687869,
            "llama-2-70b-1": 0.7933764775318605,
            "wizardlm-70b-1": 0.9067056967506776,
            "text-davinci-003-1": 0.7981511100716608,
            "gpt-3.5-turbo-instruct-1": 0.8051244461669333,
            "gpt-3.5-turbo-1106-1": 0.8113098177411263,
            "gpt-4-1": 0.804035345577625,
            "gpt-4-1106-preview-1": 0.8262483072483073,
            "mistral-1": 0.7856062114719846,
            "zephyr-7b-beta-1": 0.7863771237301309,
            "galactica-30b-1": 0.4391469041685667,
            "openchat-1": 0.8079935535479014,
            "groundtruth-1": 0.9267954087172326
      },
      "wiki80_rand_800": {
            "vicuna-1.5-7b-1": 0.7679625721500721,
            "vicuna-1.3-33b-1": 0.6205262445887446,
            "llama-2-7b-1": 0.6983373015873017,
            "llama-2-70b-1": 0.6477493686868686,
            "wizardlm-70b-1": 0.8486984446451021,
            "text-davinci-003-1": 0.6527353702583966,
            "gpt-3.5-turbo-instruct-1": 0.6926386923082936,
            "gpt-3.5-turbo-1106-1": 0.6946322570925889,
            "gpt-4-1": 0.661689484126984,
            "gpt-4-1106-preview-1": 0.6936225441225442,
            "mistral-1": 0.6780898331956209,
            "zephyr-7b-beta-1": 0.6814954228887017,
            "galactica-30b-1": 0.47914074207311436,
            "openchat-1": 0.6974487387612388,
            "groundtruth-1": 1.0
      },
      "wiki20m_rand_100": {
            "llama-2-70b-1": 0.6197593073593073,
            "gpt-4-1106-preview-1": 0.618600592390066,
            "openchat-1": 0.5866212121212121,
            "groundtruth-1": 0.29
      }
}