{
      "Synthesis and preliminary pharmacological investigations of 1 - ( 1 , 2 - dihydro - 2 - acenaphthylenyl ) piperazine derivatives as potential atypical antipsychotic agents in mice .|In research towards the development of new atypical antipsychotic agents , one strategy is that the dopaminergic system can be modulated through manipulation of the serotonergic system .|The synthesis and preliminary pharmacological evaluation of a series of potential atypical antipsychotic agents based on the structure of 1 - ( 1 , 2 - dihydro - 2 - acenaphthylenyl ) piperazine ( 7 ) is described .|Compound 7e , 5 - { 2 - [ 4 - ( 1 , 2 - dihydro - 2 - acenaphthylenyl ) piperazinyl ] ethyl } - 2 , 3 - dihy dro - 1H - indol - 2 - one , from this series showed significant affinities at the 5 - HT1A and 5 - HT2A receptors and moderate affinity at the D2 receptor .|7e exhibits a high reversal of catalepsy induced by haloperidol indicating its atypical antipsychotic nature .": {
            "The relation between Haloperidol and Catalepsy": [
                  0.8093120478126004,
                  0.7918879541481407,
                  0.8068902894419376,
                  0.8056099571010537,
                  0.8097753747051653,
                  0.907581372689608,
                  0.8024769694733174,
                  0.812169648109404,
                  0.8069094633526857,
                  0.8168396691798906
            ]
      },
      "Two cases of amisulpride overdose : a cause for prolonged QT syndrome .|Two cases of deliberate self - poisoning with 5 g and 3 . 6 g of amisulpride , respectively , are reported .|In both cases , QT prolongation and hypocalcaemia were noted .|The QT prolongation appeared to respond to administration of i . v .|calcium gluconate .": {
            "The relation between C012052 and Long QT Syndrome": [
                  0.869415413625604,
                  0.8640324840283948,
                  0.8707136798382737,
                  0.8722021894963232,
                  0.8703437683565808,
                  0.8553602840484074,
                  0.8640324840283948,
                  0.869471890694804,
                  0.8640324840283948,
                  0.8707136798382737,
                  0.8722021894963232,
                  0.8621908416971042,
                  0.8704023034211109,
                  0.8707136798382737,
                  0.8704023034211109,
                  0.869415413625604,
                  0.8722021894963232
            ],
            "The relation between C012052 and Poisoning": [
                  0.8104215652530862,
                  0.8042763090760996,
                  0.8024477657824558,
                  0.8053492639032911,
                  0.8049263210869944,
                  0.8459854433524262,
                  0.8042763090760996,
                  0.8104434954305565,
                  0.8042763090760996,
                  0.8024477657824558,
                  0.8053492639032911,
                  0.8271351693406266,
                  0.804937024865199,
                  0.8024477657824558,
                  0.804937024865199,
                  0.8104215652530862,
                  0.8053492639032911
            ],
            "The relation between C012052 and Drug Overdose": [
                  0.8359556329693996,
                  0.8498901012692501,
                  0.8361686364083234,
                  0.8371010898120057,
                  0.8361213481681244,
                  0.8358436556057556,
                  0.8498901012692501,
                  0.8359461390131507,
                  0.8498901012692501,
                  0.8361686364083234,
                  0.8371010898120057,
                  0.839652826391244,
                  0.8360960829547359,
                  0.8361686364083234,
                  0.8360960829547359,
                  0.8359556329693996,
                  0.8371010898120057
            ],
            "The relation between Calcium Gluconate and Hypocalcemia": [
                  0.7906944696433161,
                  0.7855397787500665,
                  0.7912433963754893,
                  0.7911770975024095,
                  0.7929878739461089,
                  0.7896695664321158,
                  0.7855397787500665,
                  0.7907406780486278,
                  0.7855397787500665,
                  0.7912433963754893,
                  0.7911770975024095,
                  0.7883033496012891,
                  0.7929530565442401,
                  0.7912433963754893,
                  0.7929530565442401,
                  0.7906944696433161,
                  0.7911770975024095
            ],
            "The relation between Calcium Gluconate and Drug Overdose": [
                  0.8305744541254692,
                  0.8402703072830425,
                  0.8306747040286161,
                  0.8279985927633022,
                  0.8295191791341914,
                  0.8323877354195677,
                  0.8402703072830425,
                  0.8306078923243994,
                  0.8402703072830425,
                  0.8306747040286161,
                  0.8279985927633022,
                  0.8312809127721442,
                  0.8294924848389066,
                  0.8306747040286161,
                  0.8294924848389066,
                  0.8305744541254692,
                  0.8279985927633022
            ],
            "The relation between Calcium Gluconate and Long QT Syndrome": [
                  0.8654108450960629,
                  0.8565559453512799,
                  0.864553959377974,
                  0.8640565961872315,
                  0.8641144325473487,
                  0.8542501979867718,
                  0.8565559453512799,
                  0.8654598077265131,
                  0.8565559453512799,
                  0.864553959377974,
                  0.8640565961872315,
                  0.8576663448765298,
                  0.8642074755135172,
                  0.864553959377974,
                  0.8642074755135172,
                  0.8654108450960629,
                  0.8640565961872316
            ],
            "The relation between Calcium Gluconate and Poisoning": [
                  0.8117145447103876,
                  0.8060307534234812,
                  0.8045731813762202,
                  0.8050702185578306,
                  0.8067233022418221,
                  0.8420897538546712,
                  0.8060307534234812,
                  0.8117542664098575,
                  0.8060307534234812,
                  0.8045731813762202,
                  0.8050702185578306,
                  0.8234496994934689,
                  0.806739188748518,
                  0.8045731813762202,
                  0.806739188748518,
                  0.8117145447103876,
                  0.8050702185578306
            ],
            "The relation between C012052 and Hypocalcemia": [
                  0.7838520774846669,
                  0.77981180544864,
                  0.7835541900255731,
                  0.7861183732760713,
                  0.7854167549122758,
                  0.7816478038491113,
                  0.77981180544864,
                  0.7838632496704662,
                  0.77981180544864,
                  0.7835541900255731,
                  0.7861183732760713,
                  0.7821636624349567,
                  0.78539567884224,
                  0.7835541900255731,
                  0.78539567884224,
                  0.7838520774846669,
                  0.7861183732760714
            ]
      },