{
    "cdr_rand_200": {
        "vicuna-1.5-7b": 8.36712081675062,
        "vicuna-1.3-33b": 10.468604784104784,
        "llama-2-7b": 6.738602188805817,
        "llama-2-70b": 8.141319297970691,
        "wizardlm-70b": 7.779128087532374,
        "text-davinci-003": 8.26071923914286,
        "gpt-3.5-turbo-instruct": 8.276537022094303,
        "gpt-3.5-turbo-1106": 11.398866621245686,
        "gpt-4": 9.344692242287621,
        "gpt-4-1106-preview": 8.502456932706933,
        "mistral": 9.111563889546451,
        "zephyr-7b-beta": 8.829750004183927,
        "galactica-30b": 0.29813071895424836,
        "openchat": 12.599054288247011
    },
    "docred_rand_200": {
        "vicuna-1.5-7b": 9.94079525981058,
        "vicuna-1.3-33b": 9.808722471578735,
        "llama-2-7b": 3.223171617275913,
        "llama-2-70b": 8.72275864653206,
        "wizardlm-70b": 3.600029330512109,
        "text-davinci-003": 8.483277884004961,
        "gpt-3.5-turbo-instruct": 8.850832963226104,
        "gpt-3.5-turbo-1106": 9.887002957687411,
        "gpt-4": 8.714433468843232,
        "gpt-4-1106-preview": 8.703357402679721,
        "mistral": 9.595273012559872,
        "zephyr-7b-beta": 8.550011122251938,
        "galactica-30b": 0.0,
        "openchat": 8.853419301553577
    },
    "nyt10m_rand_500": {
        "vicuna-1.5-7b": 7.787924314574314,
        "vicuna-1.3-33b": 7.230416255966255,
        "llama-2-7b": 0.0,
        "llama-2-70b": 6.944564741123564,
        "wizardlm-70b": 4.213326515408752,
        "text-davinci-003": 7.129493290043291,
        "gpt-3.5-turbo-instruct": 7.021937134531561,
        "gpt-3.5-turbo-1106": 6.203122457548032,
        "gpt-4": 7.389766311466311,
        "gpt-4-1106-preview": 7.805764352314353,
        "mistral": 7.3995229776055895,
        "zephyr-7b-beta": 7.204215933329629,
        "galactica-30b": 8.647222306953067,
        "openchat": 7.195081290931291
    },
    "wiki20m_rand_500": {
        "vicuna-1.5-7b": 7.465934126984128,
        "vicuna-1.3-33b": 6.993140584415586,
        "llama-2-7b": 6.298385425685426,
        "llama-2-70b": 6.870514701964703,
        "wizardlm-70b": 5.616609018759019,
        "text-davinci-003": 8.159522227772229,
        "gpt-3.5-turbo-instruct": 7.674352056277056,
        "gpt-3.5-turbo-1106": 7.695285378268167,
        "gpt-4": 8.066699206349208,
        "gpt-4-1106-preview": 7.580849665831245,
        "mistral": 6.884562726029373,
        "zephyr-7b-beta": 6.747857745630702,
        "galactica-30b": 8.388830449289273,
        "openchat": 6.961659018759018
    },
    "tacred_rand_800": {
        "vicuna-1.5-7b": 8.651760551948051,
        "vicuna-1.3-33b": 7.30883409992785,
        "llama-2-7b": 6.248651823870574,
        "llama-2-70b": 6.389285066926745,
        "wizardlm-70b": 2.8517673925410336,
        "text-davinci-003": 7.083146203102453,
        "gpt-3.5-turbo-instruct": 6.986773869832214,
        "gpt-3.5-turbo-1106": 6.819796470731843,
        "gpt-4": 7.492834866522367,
        "gpt-4-1106-preview": 7.791804568695194,
        "mistral": 7.053965760740391,
        "zephyr-7b-beta": 7.639902071017536,
        "galactica-30b": 8.856296149925347,
        "openchat": 7.1346167439142985
    },
    "wiki80_rand_800": {
        "vicuna-1.5-7b": 7.9129032738095235,
        "vicuna-1.3-33b": 7.227904886779886,
        "llama-2-7b": 5.761997023809523,
        "llama-2-70b": 6.621905456349207,
        "wizardlm-70b": 3.210050978930913,
        "text-davinci-003": 6.8224782936361885,
        "gpt-3.5-turbo-instruct": 6.884659964165092,
        "gpt-3.5-turbo-1106": 6.307072601010102,
        "gpt-4": 7.095660714285714,
        "gpt-4-1106-preview": 7.56985992132867,
        "mistral": 7.763027641011113,
        "zephyr-7b-beta": 7.77430764963885,
        "galactica-30b": 7.172500202449554,
        "openchat": 7.01835475982351
    }
}