{
    "cdr_rand_200": {
        "vicuna-1.5-7b": 6.79,
        "vicuna-1.3-33b": 6.405,
        "llama-2-7b": 5.555,
        "llama-2-70b": 10.75,
        "wizardlm-70b": 10.18,
        "text-davinci-003": 12.685,
        "gpt-3.5-turbo-instruct": 16.12,
        "gpt-3.5-turbo-1106": 11.22,
        "gpt-4": 14.295,
        "gpt-4-1106-preview": 18.63,
        "mistral": 14.225,
        "zephyr-7b-beta": 25.85,
        "galactica-30b": 0.2,
        "openchat": 8.555
    },
    "docred_rand_200": {
        "vicuna-1.5-7b": 7.43,
        "vicuna-1.3-33b": 10.755,
        "llama-2-7b": 2.7,
        "llama-2-70b": 13.81,
        "wizardlm-70b": 5.84,
        "text-davinci-003": 15.25,
        "gpt-3.5-turbo-instruct": 17.79,
        "gpt-3.5-turbo-1106": 14.96,
        "gpt-4": 17.815,
        "gpt-4-1106-preview": 21.515,
        "mistral": 11.255,
        "zephyr-7b-beta": 18.625,
        "galactica-30b": 0.0,
        "openchat": 15.35
    },
    "nyt10m_rand_500": {
        "vicuna-1.5-7b": 3.094,
        "vicuna-1.3-33b": 4.694,
        "llama-2-7b": 1.011049723756906,
        "llama-2-70b": 4.972,
        "wizardlm-70b": 4.392,
        "text-davinci-003": 4.872,
        "gpt-3.5-turbo-instruct": 5.81,
        "gpt-3.5-turbo-1106": 4.134,
        "gpt-4": 5.138,
        "gpt-4-1106-preview": 5.286,
        "mistral": 5.656,
        "zephyr-7b-beta": 7.804,
        "galactica-30b": 8.314,
        "openchat": 5.216
    },
    "wiki20m_rand_500": {
        "vicuna-1.5-7b": 3.02,
        "vicuna-1.3-33b": 4.062,
        "llama-2-7b": 3.126,
        "llama-2-70b": 4.082,
        "wizardlm-70b": 3.558,
        "text-davinci-003": 3.728,
        "gpt-3.5-turbo-instruct": 4.794,
        "gpt-3.5-turbo-1106": 3.548,
        "gpt-4": 3.76,
        "gpt-4-1106-preview": 4.156,
        "mistral": 3.984,
        "zephyr-7b-beta": 5.23,
        "galactica-30b": 5.978,
        "openchat": 4.274
    },
    "tacred_rand_800": {
        "vicuna-1.5-7b": 2.55125,
        "vicuna-1.3-33b": 4.30375,
        "llama-2-7b": 2.78625,
        "llama-2-70b": 4.0675,
        "wizardlm-70b": 2.07,
        "text-davinci-003": 4.38625,
        "gpt-3.5-turbo-instruct": 5.0325,
        "gpt-3.5-turbo-1106": 3.9375,
        "gpt-4": 4.25125,
        "gpt-4-1106-preview": 4.42875,
        "mistral": 4.69875,
        "zephyr-7b-beta": 5.38125,
        "galactica-30b": 8.4575,
        "openchat": 4.25875
    },
    "wiki80_rand_800": {
        "vicuna-1.5-7b": 2.385,
        "vicuna-1.3-33b": 3.81125,
        "llama-2-7b": 2.36375,
        "llama-2-70b": 3.68375,
        "wizardlm-70b": 2.0825,
        "text-davinci-003": 4.025,
        "gpt-3.5-turbo-instruct": 4.38875,
        "gpt-3.5-turbo-1106": 3.38,
        "gpt-4": 3.9575,
        "gpt-4-1106-preview": 4.0075,
        "mistral": 3.555,
        "zephyr-7b-beta": 4.5125,
        "galactica-30b": 5.58125,
        "openchat": 3.9725
    }
}