{
      "cdr_rand_200": {
            "vicuna-1.5-7b": 0.297176131058484,
            "vicuna-1.3-33b": 0.3302971707622443,
            "llama-2-7b": 0.23829748376623378,
            "llama-2-70b": 0.513767812049062,
            "wizardlm-70b": 0.36604678613869795,
            "text-davinci-003": 0.5172582468593498
      },
      "docred_rand_200": {
            "galactica-30b": 0.0,
            "vicuna-1.5-7b": 0.34635300481777437,
            "vicuna-1.3-33b": 0.43191374292788665,
            "llama-2-7b": 0.14132565886126258,
            "llama-2-70b": 0.45569168842770025,
            "wizardlm-70b": 0.16491336838727805,
            "text-davinci-003": 0.5157089797173365
      },
      "nyt10m_rand_500": {
            "vicuna-1.5-7b": 0.40259523809523806,
            "vicuna-1.3-33b": 0.4868809523809524,
            "llama-2-7b": 0.04696132596685083,
            "llama-2-70b": 0.5600142857142857,
            "wizardlm-70b": 0.31293333333333334
      },
      "wiki20m_rand_500": {
            "vicuna-1.5-7b": 0.55,
            "vicuna-1.3-33b": 0.627,
            "llama-2-7b": 0.49,
            "llama-2-70b": 0.649,
            "wizardlm-70b": 0.527
      },
      "tacred_rand_800": {
            "vicuna-1.5-7b": 0.779047619047619,
            "vicuna-1.3-33b": 0.8218601190476191,
            "llama-2-7b": 0.7993898809523808,
            "llama-2-70b": 0.846889880952381,
            "wizardlm-70b": 0.698125
      },
      "wiki80_rand_800": {
            "vicuna-1.5-7b": 0.506875,
            "vicuna-1.3-33b": 0.625,
            "llama-2-7b": 0.41375,
            "llama-2-70b": 0.616875,
            "wizardlm-70b": 0.2825
      }
}