{
      "cdr_rand_200": {
            "vicuna-1.5-7b": 0.297176131058484,
            "vicuna-1.3-33b": 0.3302971707622443,
            "llama-2-7b": 0.23829748376623378,
            "llama-2-70b": 0.513767812049062,
            "wizardlm-70b": 0.36604678613869795,
            "text-davinci-003": 0.5172582468593498,
            "gpt-3.5-turbo-instruct": 0.538213370575503,
            "gpt-3.5-turbo-1106": 0.41463479331126396,
            "gpt-4": 0.49321477644087935,
            "gpt-4-1106-preview": 0.5257499655165097,
            "mistral": 0.35869110750360744,
            "zephyr-7b-beta": 0.34111408730158727,
            "galactica-30b": 0.006666666666666666,
            "openchat": 0.3796859535480859
      },
      "docred_rand_200": {
            "galactica-30b": 0.0,
            "vicuna-1.5-7b": 0.34635300481777437,
            "vicuna-1.3-33b": 0.43191374292788665,
            "llama-2-7b": 0.14132565886126258,
            "llama-2-70b": 0.45569168842770025,
            "wizardlm-70b": 0.16491336838727805,
            "text-davinci-003": 0.5157089797173365,
            "gpt-3.5-turbo-instruct": 0.5110454029547755,
            "gpt-3.5-turbo-1106": 0.44456414432795915,
            "gpt-4": 0.5275287866326448,
            "gpt-4-1106-preview": 0.5459071318817604,
            "mistral": 0.3496371090532463,
            "zephyr-7b-beta": 0.4306027225159646,
            "openchat": 0.4956839692231465
      },
      "nyt10m_rand_500": {
            "vicuna-1.5-7b": 0.40259523809523806,
            "vicuna-1.3-33b": 0.4868809523809524,
            "llama-2-7b": 0.04696132596685083,
            "llama-2-70b": 0.5600142857142857,
            "wizardlm-70b": 0.31293333333333334,
            "text-davinci-003": 0.5798809523809523,
            "gpt-3.5-turbo-instruct": 0.5875142857142857,
            "gpt-3.5-turbo-1106": 0.3266428571428571,
            "gpt-4": 0.5705476190476191,
            "gpt-4-1106-preview": 0.5768809523809523,
            "mistral": 0.3797142857142857,
            "zephyr-7b-beta": 0.48451428571428573,
            "galactica-30b": 0.33516666666666667,
            "openchat": 0.5827476190476191
      },
      "wiki20m_rand_500": {
            "vicuna-1.5-7b": 0.55,
            "vicuna-1.3-33b": 0.627,
            "llama-2-7b": 0.49,
            "llama-2-70b": 0.649,
            "wizardlm-70b": 0.527,
            "text-davinci-003": 0.633,
            "gpt-3.5-turbo-instruct": 0.602,
            "gpt-3.5-turbo-1106": 0.477,
            "gpt-4": 0.599,
            "gpt-4-1106-preview": 0.646,
            "mistral": 0.551,
            "zephyr-7b-beta": 0.607,
            "galactica-30b": 0.522,
            "openchat": 0.646
      },
      "tacred_rand_800": {
            "vicuna-1.5-7b": 0.779047619047619,
            "vicuna-1.3-33b": 0.8218601190476191,
            "llama-2-7b": 0.7993898809523808,
            "llama-2-70b": 0.846889880952381,
            "wizardlm-70b": 0.698125,
            "text-davinci-003": 0.8666116071428571,
            "gpt-3.5-turbo-instruct": 0.8600372023809524,
            "gpt-3.5-turbo-1106": 0.8236309523809524,
            "gpt-4": 0.8638095238095238,
            "gpt-4-1106-preview": 0.8786011904761906,
            "mistral": 0.8229136904761905,
            "zephyr-7b-beta": 0.8010267857142856,
            "galactica-30b": 0.755,
            "openchat": 0.8658184523809525
      },
      "wiki80_rand_800": {
            "vicuna-1.5-7b": 0.506875,
            "vicuna-1.3-33b": 0.625,
            "llama-2-7b": 0.41375,
            "llama-2-70b": 0.616875,
            "wizardlm-70b": 0.2825,
            "text-davinci-003": 0.675,
            "gpt-3.5-turbo-instruct": 0.67,
            "gpt-3.5-turbo-1106": 0.474375,
            "gpt-4": 0.64,
            "gpt-4-1106-preview": 0.6575,
            "mistral": 0.540625,
            "zephyr-7b-beta": 0.60375,
            "galactica-30b": 0.523125,
            "openchat": 0.6525
      }
}