{
      "cdr_rand_200": {
            "vicuna-1.5-7b": 0.30657537626449544,
            "vicuna-1.3-33b": 0.31984126984126987,
            "llama-2-7b": 0.25721070811744384,
            "llama-2-70b": 0.5098648313492063,
            "wizardlm-70b": 0.3257093510979522,
            "text-davinci-003": 0.44295634920634924,
            "gpt-3.5-turbo-instruct": 0.4783854166666666,
            "gpt-3.5-turbo-1106": 0.3023685515873016,
            "gpt-4": 0.46307043650793656,
            "gpt-4-1106-preview": 0.4881076388888889,
            "mistral": 0.4002356150793651,
            "zephyr-7b-beta": 0.29305555555555557,
            "galactica-30b": 0.0,
            "openchat": 0.31824776785714287
      },
      "docred_rand_200": {
            "vicuna-1.5-7b": 0.2830355534607136,
            "vicuna-1.3-33b": 0.36857737257945417,
            "llama-2-7b": 0.12128039706489228,
            "llama-2-70b": 0.39166823978670195,
            "wizardlm-70b": 0.12796656796535985,
            "text-davinci-003": 0.46175907882877854,
            "gpt-3.5-turbo-instruct": 0.44723359075830843,
            "gpt-3.5-turbo-1106": 0.3649944914450948,
            "gpt-4": 0.4726176178603205,
            "gpt-4-1106-preview": 0.4932964091050078,
            "mistral": 0.27529596205903756,
            "zephyr-7b-beta": 0.37067605281515553,
            "galactica-30b": 0.0,
            "openchat": 0.4337686684459321
      },
      "nyt10m_rand_500": {
            "vicuna-1.5-7b": 0.38930952380952377,
            "vicuna-1.3-33b": 0.46454761904761904,
            "llama-2-7b": 0,
            "llama-2-70b": 0.5236809523809525,
            "wizardlm-70b": 0.2763333333333334,
            "text-davinci-003": 0.525547619047619,
            "gpt-3.5-turbo-instruct": 0.5341809523809523,
            "gpt-3.5-turbo-1106": 0.2984761904761905,
            "gpt-4": 0.525547619047619,
            "gpt-4-1106-preview": 0.5373809523809523,
            "mistral": 0.365047619047619,
            "zephyr-7b-beta": 0.469847619047619,
            "galactica-30b": 0.37,
            "openchat": 0.553147619047619
      },
      "wiki20m_rand_500": {
            "vicuna-1.5-7b": 0.373,
            "vicuna-1.3-33b": 0.461,
            "llama-2-7b": 0.36,
            "llama-2-70b": 0.502,
            "wizardlm-70b": 0.409,
            "text-davinci-003": 0.435,
            "gpt-3.5-turbo-instruct": 0.438,
            "gpt-3.5-turbo-1106": 0.325,
            "gpt-4": 0.4,
            "gpt-4-1106-preview": 0.462,
            "mistral": 0.401,
            "zephyr-7b-beta": 0.459,
            "galactica-30b": 0.386,
            "openchat": 0.477
      },
      "tacred_rand_800": {
            "vicuna-1.5-7b": 0.3623283669295939,
            "vicuna-1.3-33b": 0.4716926963711529,
            "llama-2-7b": 0.3780765115034778,
            "llama-2-70b": 0.5639056925701876,
            "wizardlm-70b": 0.0978950403690888,
            "text-davinci-003": 0.5857375523499302,
            "gpt-3.5-turbo-instruct": 0.5861355905998763,
            "gpt-3.5-turbo-1106": 0.39709279938390446,
            "gpt-4": 0.5775360632852489,
            "gpt-4-1106-preview": 0.6342678765317202,
            "mistral": 0.41215728715728717,
            "zephyr-7b-beta": 0.4490124023886082,
            "galactica-30b": 0.3089646464646464,
            "openchat": 0.5997169225996588
      },
      "wiki80_rand_800": {
            "vicuna-1.5-7b": 0.365625,
            "vicuna-1.3-33b": 0.468125,
            "llama-2-7b": 0.314375,
            "llama-2-70b": 0.494375,
            "wizardlm-70b": 0.214375,
            "text-davinci-003": 0.519375,
            "gpt-3.5-turbo-instruct": 0.5475594493116396,
            "gpt-3.5-turbo-1106": 0.360450563204005,
            "gpt-4": 0.478125,
            "gpt-4-1106-preview": 0.470625,
            "mistral": 0.385,
            "zephyr-7b-beta": 0.425625,
            "galactica-30b": 0.384375,
            "openchat": 0.50625
      }
}