{
      "cdr_rand_200": {
            "vicuna-1.5-7b-1": 0.006294117647058823,
            "vicuna-1.3-33b-1": 0.0006597222222222222,
            "llama-2-7b-1": 0.0016666666666666666,
            "llama-2-70b-1": 0.0010714285714285713,
            "wizardlm-70b-1": 0.0,
            "text-davinci-003-1": 0.00375,
            "gpt-3.5-turbo-instruct-1": 0.01038888888888889,
            "gpt-3.5-turbo-1106-1": 0.0052430555555555555,
            "gpt-4-1": 0.008544642857142857,
            "gpt-4-1106-preview-1": 0.015682539682539683,
            "mistral-1": 0.004166666666666667,
            "zephyr-7b-beta-1": 0.00035714285714285714,
            "galactica-30b-1": 0.0,
            "openchat-1": 0.007392857142857142,
            "gpt-3.5_closed-1": 0.5699791722195046,
            "gpt-3.5_semi-1": 0.012212215448380309
      },
      "docred_rand_200": {
            "vicuna-1.5-7b-1": 0.03709641195832978,
            "vicuna-1.3-33b-1": 0.05522776941967131,
            "llama-2-7b-1": 0.005055037090212969,
            "llama-2-70b-1": 0.051243680565238085,
            "wizardlm-70b-1": 0.010189244054693968,
            "text-davinci-003-1": 0.07488194641223882,
            "gpt-3.5-turbo-instruct-1": 0.07846431224407409,
            "gpt-3.5-turbo-1106-1": 0.04834445557748239,
            "gpt-4-1": 0.08044166241192308,
            "gpt-4-1106-preview-1": 0.07923724373668523,
            "mistral-1": 0.019118199911543562,
            "zephyr-7b-beta-1": 0.04944010154072128,
            "galactica-30b-1": 0.0,
            "openchat-1": 0.07154375197124759
      },
      "nyt10m_rand_500": {
            "vicuna-1.5-7b-1": 0.004,
            "vicuna-1.3-33b-1": 0.009285714285714284,
            "llama-2-70b-1": 0.015952380952380954,
            "wizardlm-70b-1": 0.006,
            "text-davinci-003-1": 0.013285714285714284,
            "gpt-3.5-turbo-instruct-1": 0.017285714285714286,
            "gpt-3.5-turbo-1106-1": 0.010666666666666666,
            "gpt-4-1": 0.014285714285714285,
            "gpt-4-1106-preview-1": 0.012285714285714285,
            "mistral-1": 0.008285714285714285,
            "zephyr-7b-beta-1": 0.015285714285714284,
            "galactica-30b-1": 0.004666666666666667,
            "openchat-1": 0.014952380952380953,
            "gpt-3.5_closed-1": 0.09573809523809525,
            "gpt-3.5_semi-1": 0.06773809523809522
      },
      "wiki20m_rand_500": {
            "vicuna-1.5-7b-1": 0.006,
            "vicuna-1.3-33b-1": 0.01,
            "llama-2-7b-1": 0.01,
            "llama-2-70b-1": 0.01,
            "wizardlm-70b-1": 0.01,
            "text-davinci-003-1": 0.008,
            "gpt-3.5-turbo-instruct-1": 0.005,
            "gpt-3.5-turbo-1106-1": 0.004,
            "gpt-4-1": 0.007,
            "gpt-4-1106-preview-1": 0.01,
            "mistral-1": 0.006,
            "zephyr-7b-beta-1": 0.012,
            "galactica-30b-1": 0.012,
            "openchat-1": 0.008
      },
      "tacred_rand_800": {
            "vicuna-1.5-7b-1": 0.009969325153374233,
            "vicuna-1.3-33b-1": 0.0297427652733119,
            "llama-2-7b-1": 0.027387640449438203,
            "llama-2-70b-1": 0.023887079261672096,
            "wizardlm-70b-1": 0.004036908881199538,
            "text-davinci-003-1": 0.03773072747014115,
            "gpt-3.5-turbo-instruct-1": 0.057088744588744585,
            "gpt-3.5-turbo-1106-1": 0.024932614555256066,
            "gpt-4-1": 0.03773072747014115,
            "gpt-4-1106-preview-1": 0.07383279044516829,
            "mistral-1": 0.022727272727272728,
            "zephyr-7b-beta-1": 0.027331189710610933,
            "galactica-30b-1": 0.009848484848484848,
            "openchat-1": 0.033387622149837134
      },
      "wiki80_rand_800": {
            "vicuna-1.5-7b-1": 0.0075,
            "vicuna-1.3-33b-1": 0.0125,
            "llama-2-7b-1": 0.00625,
            "llama-2-70b-1": 0.01375,
            "wizardlm-70b-1": 0.00625,
            "text-davinci-003-1": 0.0125,
            "gpt-3.5-turbo-instruct-1": 0.012515644555694618,
            "gpt-3.5-turbo-1106-1": 0.007509386733416771,
            "gpt-4-1": 0.01125,
            "gpt-4-1106-preview-1": 0.01,
            "mistral-1": 0.00625,
            "zephyr-7b-beta-1": 0.01125,
            "galactica-30b-1": 0.01,
            "openchat-1": 0.015
      }
}