{
      "cdr_rand_200": {
            "vicuna-1.5-7b": 0.8471609098503835,
            "vicuna-1.3-33b": 0.9726748737373738,
            "llama-2-7b": 0.6203030296316586,
            "llama-2-70b": 0.9657026959769449,
            "wizardlm-70b": 0.7638945474853948,
            "text-davinci-003": 0.968175386604813,
            "gpt-3.5-turbo-instruct": 0.967766652593788,
            "gpt-3.5-turbo-1106": 0.9817731920856921,
            "gpt-4": 0.9786339789579741,
            "gpt-4-1106-preview": 0.9675269869572882,
            "mistral": 0.9346885498876171,
            "zephyr-7b-beta": 0.7011680845003749,
            "galactica-30b": 0.009209150326797385,
            "openchat": 0.974087854397065
      },
      "docred_rand_200": {
            "vicuna-1.5-7b": 0.9343485014786698,
            "vicuna-1.3-33b": 0.9721866847462823,
            "llama-2-7b": 0.33977304553891247,
            "llama-2-70b": 0.973265228006714,
            "wizardlm-70b": 0.3787580667246335,
            "galactica-30b": 0.0,
            "text-davinci-003": 0.9759049074670374,
            "gpt-3.5-turbo-instruct": 0.9809419552192203,
            "gpt-3.5-turbo-1106": 0.9850373814631941,
            "gpt-4": 0.9859652496930018,
            "gpt-4-1106-preview": 0.9757712970754845,
            "mistral": 0.9409851764841501,
            "zephyr-7b-beta": 0.9473681554793086,
            "openchat": 0.9805117234850539
      },
      "nyt10m_rand_500": {
            "vicuna-1.3-33b": 0.750605688755689,
            "llama-2-7b": 0.8674033149171271,
            "llama-2-70b": 0.8166796044884288,
            "vicuna-1.5-7b": 0.8004452380952392,
            "wizardlm-70b": 0.4385907487440069,
            "text-davinci-003": 0.858091991341992,
            "gpt-3.5-turbo-instruct": 0.8404742774998206,
            "gpt-3.5-turbo-1106": 0.6817076003065963,
            "gpt-4": 0.8896825431104844,
            "gpt-4-1106-preview": 0.8958018814518817,
            "mistral": 0.7542358316168867,
            "zephyr-7b-beta": 0.6488820831914599,
            "galactica-30b": 0.5244345681453441,
            "openchat": 0.8432735241882304
      },
      "wiki20m_rand_500": {
            "vicuna-1.5-7b": 0.5,
            "vicuna-1.3-33b": 0.8437897546897554,
            "llama-2-70b": 0.88128402930403,
            "text-davinci-003": 0.9129458874458882,
            "gpt-3.5-turbo-instruct": 0.9008079341029346,
            "wizardlm-70b": 0.6730128427128429,
            "gpt-3.5-turbo-1106": 0.8520185099846393,
            "gpt-4": 0.9322753246753254,
            "llama-2-7b": 0.7338327006327005,
            "gpt-4-1106-preview": 0.9238264221158959,
            "mistral": 0.8360022348297526,
            "zephyr-7b-beta": 0.754672518922426,
            "galactica-30b": 0.6520801268992445,
            "openchat": 0.90537178932179
      },
      "tacred_rand_800": {
            "vicuna-1.5-7b": 0.7564077380952383,
            "vicuna-1.3-33b": 0.7095162788600295,
            "llama-2-7b": 0.6688565982628486,
            "llama-2-70b": 0.74496081602258,
            "wizardlm-70b": 0.2802480263999286,
            "text-davinci-003": 0.8395385461760461,
            "gpt-3.5-turbo-instruct": 0.8159469209436838,
            "gpt-3.5-turbo-1106": 0.7637507692470926,
            "gpt-4": 0.8759254705670139,
            "gpt-4-1106-preview": 0.8855857545232546,
            "mistral": 0.7095917520666716,
            "zephyr-7b-beta": 0.6584102472609584,
            "galactica-30b": 0.5753917948089127
      },
      "wiki80_rand_800": {
            "vicuna-1.3-33b": 0.7993644098956599,
            "llama-2-70b": 0.8244437500000003,
            "wizardlm-70b": 0.36625531355218854,
            "text-davinci-003": 0.891786336835679,
            "gpt-3.5-turbo-instruct": 0.8874981005514084,
            "gpt-3.5-turbo-1106": 0.7560748331529582,
            "vicuna-1.5-7b": 0.8097192460317462,
            "llama-2-7b": 0.6035267857142859,
            "gpt-4": 0.922519345238095,
            "gpt-4-1106-preview": 0.9282616376678873,
            "mistral": 0.8393412172442153,
            "zephyr-7b-beta": 0.7783303546012212,
            "galactica-30b": 0.6307232457729749
      }
}