{
    "cdr": {
        "avg_num_triples": 2.15625,
        "avg_num_tokens_per_triple": 4.968216765873016,
        "TS": 0.08647159467033154,
        "US": 0.49837822082887867,
        "GS": 0.796208580999219,
        "CS": 1.0,
        "FS": 0.9150297619047619
    },
    "docred": {
        "avg_num_triples": 12.425,
        "avg_num_tokens_per_triple": 6.01557239133369,
        "TS": 0.08387261606625993,
        "US": 0.6398530304575456,
        "GS": 0.72417299842643,
        "CS": 1.0,
        "FS": 0.9683274319295464
    },
    "nyt10m": {
        "avg_num_triples": 1.44,
        "avg_num_tokens_per_triple": 4.487180952380952,
        "TS": 0.08649579333083314,
        "US": 0.6932380952380952,
        "GS": 0.8563875012208446,
        "CS": 1.0,
        "FS": 0.9628809523809525
    },
    "wiki20m": {
        "avg_num_triples": 2.0,
        "avg_num_tokens_per_triple": 6.295,
        "TS": 0.04411200776471028,
        "US": 0.212,
        "GS": 0.6609028071573567,
        "CS": 1.0,
        "FS": 0.959
    },
    "tacred": {
        "avg_num_triples": 1.3745928338762214,
        "avg_num_tokens_per_triple": 4.6130525825965565,
        "TS": 0.15788898602536858,
        "US": 0.9267954087172329,
        "GS": 0.8848125680152701,
        "CS": 1.0,
        "FS": 0.8696680626648051
    },
    "wiki80": {
        "avg_num_triples": 1.0025,
        "avg_num_tokens_per_triple": 5.843125,
        "TS": 0.059376651222709055,
        "US": 1.0,
        "GS": 0.7031884788417628,
        "CS": 1.0,
        "FS": 0.945
    }
}