{
      "cdr_rand_200": {
            "vicuna-1.5-7b": 0.31792429635471114,
            "vicuna-1.3-33b": 0.30511015281165194,
            "llama-2-7b": 0.2945908293853211,
            "llama-2-70b": 0.4885840148048514,
            "wizardlm-70b": 0.2924831731160264,
            "text-davinci-003": 0.44097343489926233
      },
      "docred_rand_200": {
            "vicuna-1.5-7b": 0.37730977972958085,
            "vicuna-1.3-33b": 0.41989937891633433,
            "llama-2-7b": 0.20707590569826054,
            "llama-2-70b": 0.5175011365899125,
            "wizardlm-70b": 0.18297315641841094,
            "text-davinci-003": 0.4946446934235428
      },
      "nyt10m_rand_500": {
            "vicuna-1.5-7b": 0.49414029065828285,
            "vicuna-1.3-33b": 0.5516142098382393,
            "llama-2-7b": 0.03838187688522861,
            "llama-2-70b": 0.6352921478169156,
            "wizardlm-70b": 0.32657101910402186,
            "text-davinci-003": 0.600453464367128
      },
      "wiki20m_rand_500": {
            "vicuna-1.5-7b": 0.5579416026882634,
            "vicuna-1.3-33b": 0.5970904356574804,
            "llama-2-70b": 0.6607404162971938,
            "wizardlm-70b": 0.4786362844077825,
            "text-davinci-003": 0.5900574298435113
      },
      "tacred_rand_800": {
            "vicuna-1.5-7b": 0.5032092609707245,
            "vicuna-1.3-33b": 0.5853602224449544,
            "llama-2-7b": 0.572003910081704,
            "llama-2-70b": 0.6722090339488216,
            "wizardlm-70b": 0.24712098471384197,
            "text-davinci-003": 0.6341320638247491
      },
      "wiki80_rand_800": {
            "vicuna-1.3-33b": 0.6022205606440189,
            "llama-2-70b": 0.6561505893017022,
            "wizardlm-70b": 0.27329135193971693,
            "text-davinci-003": 0.639940977038434
      }
}