{
      "cdr_rand_200": {
            "vicuna-1.5-7b": 0.31792429635471114,
            "vicuna-1.3-33b": 0.30511015281165194,
            "llama-2-7b": 0.2945908293853211,
            "llama-2-70b": 0.4885840148048514,
            "wizardlm-70b": 0.2924831731160264,
            "text-davinci-003": 0.44097343489926233,
            "gpt-3.5-turbo-instruct": 0.4310640595877379,
            "gpt-3.5-turbo-1106": 0.3296986260508401,
            "gpt-4": 0.3964006418741694
      },
      "docred_rand_200": {
            "vicuna-1.5-7b": 0.37730977972958085,
            "vicuna-1.3-33b": 0.41989937891633433,
            "llama-2-7b": 0.20707590569826054,
            "llama-2-70b": 0.5175011365899125,
            "wizardlm-70b": 0.18297315641841094,
            "text-davinci-003": 0.4946446934235428,
            "gpt-3.5-turbo-instruct": 0.4632302511326998,
            "gpt-3.5-turbo-1106": 0.4212043721964992,
            "gpt-4": 0.5046833777148819
      },
      "nyt10m_rand_500": {
            "vicuna-1.5-7b": 0.49414029065828285,
            "vicuna-1.3-33b": 0.5516142098382393,
            "llama-2-7b": 0.03838187688522861,
            "llama-2-70b": 0.6352921478169156,
            "wizardlm-70b": 0.32657101910402186,
            "text-davinci-003": 0.600453464367128,
            "gpt-3.5-turbo-instruct": 0.6254278682329667,
            "gpt-3.5-turbo-1106": 0.423698013917211,
            "gpt-4": 0.6088370987658419
      },
      "wiki20m_rand_500": {
            "vicuna-1.5-7b": 0.5579416026882634,
            "vicuna-1.3-33b": 0.5970904356574804,
            "llama-2-70b": 0.6607404162971938,
            "wizardlm-70b": 0.4786362844077825,
            "text-davinci-003": 0.5900574298435113,
            "gpt-3.5-turbo-instruct": 0.6222904687388491,
            "gpt-3.5-turbo-1106": 0.49769471122428616,
            "llama-2-7b": 0.5858810557994631,
            "gpt-4": 0.6038037863184574
      },
      "tacred_rand_800": {
            "vicuna-1.5-7b": 0.5032092609707245,
            "vicuna-1.3-33b": 0.5853602224449544,
            "llama-2-7b": 0.572003910081704,
            "llama-2-70b": 0.6722090339488216,
            "wizardlm-70b": 0.24712098471384197,
            "text-davinci-003": 0.6341320638247491,
            "gpt-3.5-turbo-instruct": 0.6379340086098118,
            "gpt-3.5-turbo-1106": 0.5213170563812666,
            "gpt-4": 0.6047028826139987
      },
      "wiki80_rand_800": {
            "vicuna-1.3-33b": 0.6022205606440189,
            "llama-2-70b": 0.6561505893017022,
            "wizardlm-70b": 0.27329135193971693,
            "text-davinci-003": 0.639940977038434,
            "gpt-3.5-turbo-instruct": 0.6392161202746359,
            "gpt-3.5-turbo-1106": 0.48078147833394896,
            "vicuna-1.5-7b": 0.5121718676846346,
            "llama-2-7b": 0.5322827048650022
      }
}