{
      "cdr_rand_200": {
            "vicuna-1.5-7b": 0.5574291760220854,
            "vicuna-1.3-33b": 0.7340581406128337,
            "text-davinci-003": 0.7747104760844401,
            "gpt-3.5-turbo-instruct": 0.7336333060107703,
            "gpt-4": 0.8229868954085737,
            "mistral": 0.6400965973664876
      },
      "docred_rand_200": {
            "vicuna-1.5-7b": 0.21844424618406585,
            "vicuna-1.3-33b": 0.3486770079486139,
            "text-davinci-003": 0.3989381381602107,
            "gpt-3.5-turbo-instruct": 0.46290238627605923,
            "gpt-4": 0.4864442127531086,
            "mistral": 0.26883542316007303
      },
      "nyt10m_rand_500": {
            "vicuna-1.3-33b": 0.493225238106575,
            "text-davinci-003": 0.5218435419218874,
            "gpt-3.5-turbo-instruct": 0.5576037834416875,
            "gpt-4": 0.5791103399291324,
            "mistral": 0.3831221928152228
      },
      "wiki20m_rand_500": {
            "vicuna-1.5-7b": 0.13873122295888926,
            "vicuna-1.3-33b": 0.5705448844513924
      },
      "tacred_rand_800": {
            "vicuna-1.3-33b": 0.4659243755685275
      },
      "wiki80_rand_800": {
            "vicuna-1.3-33b": 0.4988575653576415
      }
}