{
      "cdr_rand_200": {
            "vicuna-1.5-7b": 0.5777686464408722,
            "vicuna-1.3-33b": 0.7304246640311197,
            "llama-2-7b": 0.4864321366407936,
            "llama-2-70b": 0.7478425225712635,
            "wizardlm-70b": 0.6544047448858964,
            "text-davinci-003": 0.7666402646284685,
            "gpt-3.5-turbo-instruct": 0.7764668377090945,
            "gpt-3.5-turbo-1106": 0.8169771683631835,
            "gpt-4": 0.8168813650172276,
            "gpt-4-1106-preview": 0.8205814312706518,
            "mistral": 0.6896222669567641,
            "zephyr-7b-beta": 0.4911118374135283,
            "galactica-30b": 0.04144333568155083,
            "openchat": 0.787143426067469
      },
      "docred_rand_200": {
            "vicuna-1.5-7b": 0.23114319397409727,
            "vicuna-1.3-33b": 0.34740816069124003,
            "llama-2-7b": 0.12813318077245545,
            "llama-2-70b": 0.39167200833341714,
            "wizardlm-70b": 0.24346418100514827,
            "text-davinci-003": 0.4012716687905257,
            "gpt-3.5-turbo-instruct": 0.478436050401186,
            "gpt-3.5-turbo-1106": 0.5035940527030585,
            "gpt-4": 0.4858614096855106,
            "gpt-4-1106-preview": 0.500307951496108,
            "mistral": 0.3019702184296848,
            "zephyr-7b-beta": 0.27858800026760167,
            "galactica-30b": 0.08614334705451795,
            "openchat": 0.3973692206375581
      },
      "nyt10m_rand_500": {
            "vicuna-1.5-7b": 0.41959825572128123,
            "vicuna-1.3-33b": 0.4783146837021924,
            "llama-2-7b": 0.21328985650056959,
            "llama-2-70b": 0.4544707669143131,
            "wizardlm-70b": 0.30543887524803337,
            "text-davinci-003": 0.5059647023198599,
            "gpt-3.5-turbo-instruct": 0.5417125281683502,
            "gpt-3.5-turbo-1106": 0.4334777428602388,
            "gpt-4": 0.5622023228352031,
            "gpt-4-1106-preview": 0.581106610068826,
            "mistral": 0.40622406355721474,
            "zephyr-7b-beta": 0.3646364314207295,
            "galactica-30b": 0.2973670486311192,
            "openchat": 0.5399539879817868
      },
      "wiki20m_rand_500": {
            "vicuna-1.5-7b": 0.4829082841772033,
            "vicuna-1.3-33b": 0.4977700403812045,
            "llama-2-7b": 0.37895678504775765,
            "llama-2-70b": 0.45235221304885215,
            "wizardlm-70b": 0.4305528245394437,
            "text-davinci-003": 0.5182833887829569,
            "gpt-3.5-turbo-instruct": 0.539950178741354,
            "gpt-3.5-turbo-1106": 0.48177147700517897,
            "gpt-4": 0.5898865753958672,
            "gpt-4-1106-preview": 0.5638175346521916,
            "mistral": 0.43342293516019703,
            "zephyr-7b-beta": 0.4033587405684682,
            "galactica-30b": 0.35295389015319517,
            "openchat": 0.5750030445475584
      },
      "tacred_rand_800": {
            "vicuna-1.5-7b": 0.40373438855275656,
            "vicuna-1.3-33b": 0.4431708445260093,
            "llama-2-7b": 0.36710419081021395,
            "llama-2-70b": 0.4084424154983371,
            "wizardlm-70b": 0.23293654406200293,
            "text-davinci-003": 0.5614185917140417,
            "gpt-3.5-turbo-instruct": 0.5862076234069548,
            "gpt-3.5-turbo-1106": 0.5265662533646511,
            "gpt-4": 0.5910500450728546,
            "gpt-4-1106-preview": 0.5851057998096411,
            "mistral": 0.438517811455638,
            "zephyr-7b-beta": 0.3640983832433173,
            "galactica-30b": 0.33366884981923967,
            "openchat": 0.5069801215741411
      },
      "wiki80_rand_800": {
            "vicuna-1.5-7b": 0.41347125076306473,
            "vicuna-1.3-33b": 0.4727666981226419,
            "llama-2-7b": 0.2577992614501046,
            "llama-2-70b": 0.41478126705462615,
            "wizardlm-70b": 0.25580513173332653,
            "text-davinci-003": 0.5917755859121114,
            "gpt-3.5-turbo-instruct": 0.6015079337553879,
            "gpt-3.5-turbo-1106": 0.5092799503395568,
            "gpt-4": 0.6543981225768951,
            "gpt-4-1106-preview": 0.6194131231317253,
            "mistral": 0.4455365669033223,
            "zephyr-7b-beta": 0.4321718793649194,
            "galactica-30b": 0.35030667019723793,
            "openchat": 0.5377061064223337
      }
}