{
      "wiki20m_rand_500": {
            "vicuna-1.3-33b-54": 0.4813825520084672,
            "vicuna-1.3-33b-64": 0.48492012467779866,
            "vicuna-1.3-33b-74": 0.47713135885693364,
            "vicuna-1.3-33b-84": 0.4919059858843951,
            "llama-2-70b-54": 0.4338230305439137,
            "llama-2-70b-64": 0.4374831292466505,
            "llama-2-70b-74": 0.44005678514285435,
            "llama-2-70b-84": 0.43970615624898074,
            "gpt-3.5-turbo-1106-54": 0.4965942400562022,
            "gpt-3.5-turbo-1106-64": 0.5003953288557176,
            "gpt-3.5-turbo-1106-74": 0.46470055246239644,
            "gpt-3.5-turbo-1106-84": 0.49000973837562706,
            "gpt-4-1106-preview-54": 0.5613108321064523,
            "gpt-4-1106-preview-64": 0.5530861719714669,
            "gpt-4-1106-preview-74": 0.5713761534108082,
            "gpt-4-1106-preview-84": 0.5623259912163587,
            "openchat-54": 0.5430304900618681,
            "openchat-64": 0.5463435369249235,
            "openchat-74": 0.5468325037432086,
            "openchat-84": 0.5372319369311271
      }
}