{
      "wiki20m_rand_500": {
            "llama-2-70b-54": 0.4541138028561843,
            "llama-2-70b-64": 0.3911110068608301,
            "llama-2-70b-74": 0.4056139420311178,
            "gpt-4-1106-preview-54": 0.5613108321064523,
            "gpt-4-1106-preview-64": 0.5530861719714669,
            "gpt-4-1106-preview-74": 0.5713761534108082,
            "gpt-4-1106-preview-84": 0.533784068152313,
            "openchat-54": 0.5336199681007407,
            "openchat-64": 0.5750030445475584,
            "openchat-74": 0.5750030445475584,
            "openchat-84": 0.7654889762647182
      }
}