{
      "cdr_rand_200": {
            "vicuna-1.5-7b": 0.5507647991633903,
            "vicuna-1.3-33b": 0.6745833894204651,
            "llama-2-7b": 0.4811642452249771,
            "llama-2-70b": 0.6786095426803184,
            "gpt-3.5-turbo-instruct": 0.6825213792195549,
            "gpt-4": 0.6865117934280446,
            "mistral": 0.6689435479693203,
            "wizardlm-70b": 0.5338144417599205,
            "text-davinci-003": 0.6958879086079497,
            "gpt-3.5-turbo-1106": 0.695356527030588,
            "gpt-4-1106-preview": 0.6805802161646313,
            "zephyr-7b-beta": 0.697168730052788,
            "galactica-30b": 0.016716502713268758,
            "openchat": 0.6961035249613522
      },
      "docred_rand_200": {
            "vicuna-1.5-7b": 0.6763762415416431,
            "vicuna-1.3-33b": 0.7345643085811614,
            "llama-2-70b": 0.7365188402551662,
            "gpt-3.5-turbo-instruct": 0.7262830482827447,
            "gpt-4": 0.7404584422285154,
            "mistral": 0.7570281083002212,
            "text-davinci-003": 0.7317382360049569,
            "gpt-3.5-turbo-1106": 0.7245123109190987,
            "gpt-4-1106-preview": 0.713546036888122,
            "zephyr-7b-beta": 0.74274650624559,
            "galactica-30b": 0.0,
            "openchat": 0.7455016311402197,
            "wizardlm-70b": 0.274594554499381,
            "llama-2-7b": 0.257567889350668
      },
      "wiki20m_rand_500": {
            "vicuna-1.5-7b": 0.7292044832418969,
            "vicuna-1.3-33b": 0.7304472086825312,
            "llama-2-70b": 0.6958080945020076,
            "gpt-3.5-turbo-instruct": 0.7529641475767302,
            "gpt-3.5-turbo-1106": 0.6097741524109701,
            "gpt-4": 0.7408818592869527,
            "text-davinci-003": 0.782332174397576,
            "galactica-30b": 0.6853513030475407,
            "wizardlm-70b": 0.5943180885681325,
            "gpt-4-1106-preview": 0.7583607482458427,
            "mistral": 0.677792087055591,
            "zephyr-7b-beta": 0.7182616196050408,
            "openchat": 0.7719551166843245,
            "llama-2-7b": 0.6329740680020937
      },
      "nyt10m_rand_500": {
            "vicuna-1.3-33b": 0.69417552156496,
            "llama-2-70b": 0.6913801678786446,
            "gpt-3.5-turbo-instruct": 0.7009601137990926,
            "gpt-3.5-turbo-1106": 0.5594729034479426,
            "gpt-4": 0.7068052373459043,
            "mistral": 0.6388445644734392,
            "wizardlm-70b": 0.38621489732752035,
            "text-davinci-003": 0.7111711476489497,
            "zephyr-7b-beta": 0.6793369254158643,
            "galactica-30b": 0.7060781211859546,
            "openchat": 0.7067363268827441,
            "vicuna-1.5-7b": 0.6059450676614265,
            "gpt-4-1106-preview": 0.7021237482546557,
            "llama-2-7b": 0.0
      },
      "tacred_rand_800": {
            "vicuna-1.3-33b": 0.6855876787514891,
            "gpt-3.5-turbo-instruct": 0.6939713005772272,
            "gpt-3.5-turbo-1106": 0.6116818206832754,
            "gpt-4": 0.6872268777607559,
            "vicuna-1.5-7b": 0.5657499145615509,
            "wizardlm-70b": 0.28472042100407896,
            "text-davinci-003": 0.6985280583241986,
            "zephyr-7b-beta": 0.7001672242853272,
            "galactica-30b": 0.7439930432920385,
            "openchat": 0.6976925463801449,
            "llama-2-7b": 0.5559428369052024,
            "gpt-4-1106-preview": 0.6827622453129374,
            "mistral": 0.5517258284998394,
            "llama-2-70b": 0.6754709374342341
      },
      "wiki80_rand_800": {
            "vicuna-1.3-33b": 0.7273345528889108,
            "gpt-3.5-turbo-instruct": 0.7442923941071306,
            "gpt-4": 0.7526550225401769,
            "llama-2-70b": 0.7036635508832174,
            "text-davinci-003": 0.7539445505823307,
            "galactica-30b": 0.6874420252442082,
            "openchat": 0.7416311319137796,
            "vicuna-1.5-7b": 0.5976721732948183,
            "llama-2-7b": 0.5811832553856923,
            "gpt-4-1106-preview": 0.7457472240588959,
            "mistral": 0.6035915685114365,
            "zephyr-7b-beta": 0.7245166552588251,
            "wizardlm-70b": 0.3279044486924176,
            "gpt-3.5-turbo-1106": 0.6087081262415064
      }
}