{
      "cdr_rand_200": {
            "vicuna-1.5-7b-1": 0.9825568192137153,
            "vicuna-1.3-33b-1": 0.9905663380736911,
            "llama-2-7b-1": 0.9940857720535139,
            "llama-2-70b-1": 0.9883111627162805,
            "wizardlm-70b-1": 0.9950939991260391,
            "text-davinci-003-1": 0.9875895401995776,
            "gpt-3.5-turbo-instruct-1": 0.985718186614677,
            "gpt-3.5-turbo-1106-1": 0.9712627607083791,
            "gpt-4-1": 0.9912376967081385,
            "gpt-4-1106-preview-1": 0.9897453747452641,
            "mistral-1": 0.9138348119384968,
            "zephyr-7b-beta-1": 0.9433100453016493,
            "galactica-30b-1": 0.9929975490196079,
            "openchat-1": 0.993932419790392,
            "gpt-3.5_closed-1": 0.928145186612175,
            "gpt-3.5_semi-1": 0.8792237458242427
      },
      "docred_rand_200": {
            "vicuna-1.5-7b-1": 0.9874043942958604,
            "vicuna-1.3-33b-1": 0.99209737985105,
            "llama-2-7b-1": 0.9929834819892869,
            "llama-2-70b-1": 0.9867984420339784,
            "wizardlm-70b-1": 0.9968770481080574,
            "text-davinci-003-1": 0.9865121227985125,
            "gpt-3.5-turbo-instruct-1": 0.985874116802686,
            "gpt-3.5-turbo-1106-1": 0.9826666347191508,
            "gpt-4-1": 0.9874106687248997,
            "gpt-4-1106-preview-1": 0.9876013228653033,
            "mistral-1": 0.9672703465751655,
            "zephyr-7b-beta-1": 0.972652387568358,
            "galactica-30b-1": 1.0,
            "openchat-1": 0.9812274026043935
      },
      "nyt10m_rand_500": {
            "vicuna-1.5-7b-1": 0.9870666666666666,
            "vicuna-1.3-33b-1": 0.9828150471750471,
            "llama-2-70b-1": 0.9897459539047775,
            "wizardlm-70b-1": 0.9727714140344221,
            "text-davinci-003-1": 0.9832051948051949,
            "gpt-3.5-turbo-instruct-1": 0.9796645869214623,
            "gpt-3.5-turbo-1106-1": 0.9693541735033128,
            "gpt-4-1": 0.9832296768590886,
            "gpt-4-1106-preview-1": 0.9804187812187813,
            "mistral-1": 0.948443207851959,
            "zephyr-7b-beta-1": 0.972920875185845,
            "galactica-30b-1": 0.7492746438990938,
            "openchat-1": 0.9843866022866022,
            "gpt-3.5_closed-1": 0.8331809523809524,
            "gpt-3.5_semi-1": 0.9707357397946476
      },
      "wiki20m_rand_500": {
            "vicuna-1.5-7b-1": 0.9549460317460318,
            "vicuna-1.3-33b-1": 0.9221420550038196,
            "llama-2-7b-1": 0.970121645021645,
            "llama-2-70b-1": 0.9416681030081031,
            "wizardlm-70b-1": 0.9520630591630591,
            "text-davinci-003-1": 0.9200385281385282,
            "gpt-3.5-turbo-instruct-1": 0.9209798629475101,
            "gpt-3.5-turbo-1106-1": 0.9018741689635975,
            "gpt-4-1": 0.9223492063492063,
            "gpt-4-1106-preview-1": 0.918118219791904,
            "mistral-1": 0.9205095700372078,
            "zephyr-7b-beta-1": 0.9238243144712185,
            "galactica-30b-1": 0.7985372634589353,
            "openchat-1": 0.9272069340016709
      },
      "tacred_rand_800": {
            "vicuna-1.5-7b-1": 0.9956653280929596,
            "vicuna-1.3-33b-1": 0.9844909880514858,
            "llama-2-7b-1": 0.9936140873015873,
            "llama-2-70b-1": 0.984968471427251,
            "wizardlm-70b-1": 0.9896497044338156,
            "text-davinci-003-1": 0.9835870949201458,
            "gpt-3.5-turbo-instruct-1": 0.978696215644969,
            "gpt-3.5-turbo-1106-1": 0.9685385204978576,
            "gpt-4-1": 0.9828950508233598,
            "gpt-4-1106-preview-1": 0.9827666847041846,
            "mistral-1": 0.9572380842580273,
            "zephyr-7b-beta-1": 0.9726090202697555,
            "galactica-30b-1": 0.7536821201116201,
            "openchat-1": 0.9855943126921389
      },
      "wiki80_rand_800": {
            "vicuna-1.5-7b-1": 0.9918563311688311,
            "vicuna-1.3-33b-1": 0.9620503871128873,
            "llama-2-7b-1": 0.9885863095238094,
            "llama-2-70b-1": 0.959218253968254,
            "wizardlm-70b-1": 0.9845284597688672,
            "text-davinci-003-1": 0.9664048192304773,
            "gpt-3.5-turbo-instruct-1": 0.9627148549335081,
            "gpt-3.5-turbo-1106-1": 0.9513860908466918,
            "gpt-4-1": 0.9628002344877344,
            "gpt-4-1106-preview-1": 0.9602599136974138,
            "mistral-1": 0.9572544813332129,
            "zephyr-7b-beta-1": 0.9597667782053121,
            "galactica-30b-1": 0.8597967426235615,
            "openchat-1": 0.9664451624764125
      }
}