{
      "cdr_rand_200": {
            "vicuna-1.5-7b": 0.5507647991633903,
            "vicuna-1.3-33b": 0.6745833894204651,
            "llama-2-7b": 0.4811642452249771,
            "llama-2-70b": 0.6786095426803184,
            "gpt-3.5-turbo-instruct": 0.6825213792195549,
            "gpt-4": 0.6865117934280446,
            "mistral": 0.6689435479693203
      },
      "docred_rand_200": {
            "vicuna-1.5-7b": 0.6763762415416431,
            "vicuna-1.3-33b": 0.7345643085811614,
            "llama-2-70b": 0.7365188402551662,
            "gpt-3.5-turbo-instruct": 0.7262830482827447,
            "gpt-4": 0.7404584422285154,
            "mistral": 0.7570281083002212
      },
      "wiki20m_rand_500": {
            "vicuna-1.5-7b": 0.7292044832418969,
            "vicuna-1.3-33b": 0.7304472086825312,
            "llama-2-70b": 0.6958080945020076,
            "gpt-3.5-turbo-instruct": 0.7529641475767302,
            "gpt-3.5-turbo-1106": 0.6097741524109701,
            "gpt-4": 0.7408818592869527
      },
      "nyt10m_rand_500": {
            "vicuna-1.3-33b": 0.69417552156496,
            "llama-2-70b": 0.6913801678786446,
            "gpt-3.5-turbo-instruct": 0.7009601137990926,
            "gpt-3.5-turbo-1106": 0.5594729034479426,
            "gpt-4": 0.7068052373459043,
            "mistral": 0.6388445644734392
      },
      "tacred_rand_800": {
            "vicuna-1.3-33b": 0.6855876787514891,
            "gpt-3.5-turbo-instruct": 0.6939713005772272,
            "gpt-3.5-turbo-1106": 0.6116818206832754,
            "gpt-4": 0.6872268777607559
      },
      "wiki80_rand_800": {
            "vicuna-1.3-33b": 0.7273345528889108,
            "gpt-3.5-turbo-instruct": 0.7442923941071306,
            "gpt-4": 0.7526550225401769
      }
}