{
      "cdr_rand_200": {
            "vicuna-1.5-7b": 0.1263078294447822,
            "vicuna-1.3-33b": 0.1570170118760391,
            "llama-2-7b": 0.13022891074683582,
            "llama-2-70b": 0.17810792215173987,
            "gpt-3.5-turbo-instruct": 0.17277022146571244,
            "gpt-4": 0.17310376508387423,
            "mistral": 0.13529291612643807
      },
      "docred_rand_200": {
            "vicuna-1.5-7b": 0.11560662500368245,
            "vicuna-1.3-33b": 0.13312067796321722,
            "llama-2-70b": 0.14357812600787143,
            "gpt-3.5-turbo-instruct": 0.1496369688405497,
            "gpt-4": 0.14128383204647085,
            "mistral": 0.12296057428403831
      },
      "wiki20m_rand_500": {
            "vicuna-1.5-7b": 0.14766425999215194,
            "vicuna-1.3-33b": 0.1199919656861768,
            "llama-2-70b": 0.12292681451865216,
            "gpt-3.5-turbo-instruct": 0.12855416380199267,
            "gpt-3.5-turbo-1106": 0.09631181495029482,
            "gpt-4": 0.12285564758219553
      },
      "nyt10m_rand_500": {
            "vicuna-1.3-33b": 0.15737674542624902,
            "llama-2-70b": 0.164874558281766,
            "gpt-3.5-turbo-instruct": 0.16271296679464547,
            "gpt-3.5-turbo-1106": 0.11536622405271074,
            "gpt-4": 0.15782957823625027,
            "mistral": 0.12534690413490598
      },
      "tacred_rand_800": {
            "vicuna-1.3-33b": 0.15190264760285083,
            "gpt-3.5-turbo-instruct": 0.15614960147185683,
            "gpt-3.5-turbo-1106": 0.1301673641560944,
            "gpt-4": 0.15038249822021188
      },
      "wiki80_rand_800": {
            "vicuna-1.3-33b": 0.12735695196923763,
            "gpt-3.5-turbo-instruct": 0.12987283566221744,
            "gpt-4": 0.12572920514228098
      }
}