{
      "cdr_rand_200": {
            "vicuna-1.5-7b": 0.5046511625261211,
            "vicuna-1.3-33b": 0.617112582797572,
            "llama-2-7b": 0.45177699829304785,
            "llama-2-70b": 0.6322774267885427,
            "gpt-3.5-turbo-instruct": 0.6330871265690048,
            "gpt-4": 0.6351701641643067,
            "mistral": 0.6137852296931077
      },
      "docred_rand_200": {
            "vicuna-1.5-7b": 0.5973211880386932,
            "vicuna-1.3-33b": 0.6514409621946655,
            "llama-2-70b": 0.6586253986146561,
            "gpt-3.5-turbo-instruct": 0.6541648761614413,
            "gpt-4": 0.6605709500248483,
            "mistral": 0.6669088078337481
      },
      "wiki20m_rand_500": {
            "vicuna-1.5-7b": 0.6544611106131187,
            "vicuna-1.3-33b": 0.6441152138441051,
            "llama-2-70b": 0.6176352314263386,
            "gpt-3.5-turbo-instruct": 0.6670952236891801,
            "gpt-3.5-turbo-1106": 0.5366580620172554,
            "gpt-4": 0.6527617515718245
      },
      "nyt10m_rand_500": {
            "vicuna-1.3-33b": 0.6340985734871606,
            "llama-2-70b": 0.6355752014029531,
            "gpt-3.5-turbo-instruct": 0.6431905444843855,
            "gpt-3.5-turbo-1106": 0.5066167032212677,
            "gpt-4": 0.6430267284269683,
            "mistral": 0.5782761397291428
      },
      "tacred_rand_800": {
            "vicuna-1.3-33b": 0.624617553936042,
            "gpt-3.5-turbo-instruct": 0.6343389278048095,
            "gpt-3.5-turbo-1106": 0.5565627110691758,
            "gpt-4": 0.6236704493913949
      },
      "wiki80_rand_800": {
            "vicuna-1.3-33b": 0.6456357247999256,
            "gpt-3.5-turbo-instruct": 0.6593976536011772,
            "gpt-4": 0.6635901080485459
      }
}