{
      "cdr_rand_200": {
            "vicuna-1.5-7b": 0.8690350213862527,
            "vicuna-1.3-33b": 0.8915135689473925,
            "llama-2-7b": 0.9204863486902961,
            "llama-2-70b": 0.8759911727326204,
            "wizardlm-70b": 0.9414659461392307,
            "text-davinci-003": 0.8719845495758335,
            "gpt-3.5-turbo-instruct": 0.896018501877144,
            "gpt-3.5-turbo-1106": 0.8919366499968028,
            "gpt-4": 0.9098060839841938,
            "gpt-4-1106-preview": 0.9194488034873635,
            "mistral": 0.7493895015380688,
            "zephyr-7b-beta": 0.795259907948636,
            "galactica-30b": 0.9893333333333334,
            "openchat": 0.9185755120352642
      },
      "docred_rand_200": {
            "vicuna-1.5-7b": 0.8191512713492801,
            "vicuna-1.3-33b": 0.8279910206097116,
            "llama-2-7b": 0.9328492121054041,
            "llama-2-70b": 0.8259694325937494,
            "wizardlm-70b": 0.949279995899821,
            "text-davinci-003": 0.8420967495595839,
            "gpt-3.5-turbo-instruct": 0.8560810258353179,
            "gpt-3.5-turbo-1106": 0.839791883191763,
            "gpt-4": 0.8275180112345035,
            "gpt-4-1106-preview": 0.8739033715994404,
            "mistral": 0.7637802577220786,
            "zephyr-7b-beta": 0.7939427987458313,
            "galactica-30b": 1.0,
            "openchat": 0.8212130438027043
      },
      "nyt10m_rand_500": {
            "vicuna-1.5-7b": 0.8635518037518038,
            "vicuna-1.3-33b": 0.8013253490953491,
            "llama-2-7b": 1.0,
            "llama-2-70b": 0.829868498459675,
            "wizardlm-70b": 0.8887193210623388,
            "text-davinci-003": 0.8135446220446221,
            "gpt-3.5-turbo-instruct": 0.8295036667788392,
            "gpt-3.5-turbo-1106": 0.8233789376333852,
            "gpt-4": 0.8180902332961156,
            "gpt-4-1106-preview": 0.8419874014874015,
            "mistral": 0.7760779880438441,
            "zephyr-7b-beta": 0.8081884546447943,
            "galactica-30b": 0.4835730520113103,
            "openchat": 0.8467492174492175
      },
      "wiki20m_rand_500": {
            "vicuna-1.5-7b": 0.6775809523809524,
            "vicuna-1.3-33b": 0.5640913632119514,
            "llama-2-7b": 0.7383119214119214,
            "llama-2-70b": 0.6198445132645133,
            "wizardlm-70b": 0.6781883116883117,
            "text-davinci-003": 0.5686841158841158,
            "gpt-3.5-turbo-instruct": 0.6032254839600109,
            "gpt-3.5-turbo-1106": 0.596848240485549,
            "gpt-4": 0.5619253968253968,
            "gpt-4-1106-preview": 0.6178153565732513,
            "mistral": 0.5695908314380463,
            "zephyr-7b-beta": 0.6553146679223769,
            "galactica-30b": 0.49413221463778734,
            "openchat": 0.6031548416495784,
            "vicuna-1.3-33b-54": 0.5982014697720581,
            "vicuna-1.3-33b-64": 0.5738588235294118,
            "vicuna-1.3-33b-74": 0.5676216051921934,
            "vicuna-1.3-33b-84": 0.5963703296703297,
            "llama-2-70b-54": 0.6135716954425005,
            "llama-2-70b-64": 0.6204587360352067,
            "llama-2-70b-74": 0.6229068026744499,
            "llama-2-70b-84": 0.6200268321221263,
            "gpt-3.5-turbo-1106-54": 0.6321178432678433,
            "gpt-3.5-turbo-1106-64": 0.62719487114193,
            "gpt-3.5-turbo-1106-74": 0.6371992673992674,
            "gpt-3.5-turbo-1106-84": 0.632083600442111,
            "gpt-4-1106-preview-54": 0.6198048758259285,
            "gpt-4-1106-preview-64": 0.6215704488493963,
            "gpt-4-1106-preview-74": 0.6307290043290043,
            "gpt-4-1106-preview-84": 0.6209461760461761,
            "openchat-54": 0.6236479076479077,
            "openchat-64": 0.6220295371295371,
            "openchat-74": 0.6385521922521923,
            "openchat-84": 0.6273362381346254
      },
      "tacred_rand_800": {
            "vicuna-1.5-7b": 0.8503046121138226,
            "vicuna-1.3-33b": 0.7552619478951001,
            "llama-2-7b": 0.8525812867687868,
            "llama-2-70b": 0.7933764775318605,
            "wizardlm-70b": 0.9067056967506776,
            "text-davinci-003": 0.798151110071661,
            "gpt-3.5-turbo-instruct": 0.8051244461669335,
            "gpt-3.5-turbo-1106": 0.8113098177411263,
            "gpt-4": 0.804035345577625,
            "gpt-4-1106-preview": 0.8262483072483073,
            "mistral": 0.7856062114719845,
            "zephyr-7b-beta": 0.7863771237301309,
            "galactica-30b": 0.4391469041685668,
            "openchat": 0.8079935535479014
      },
      "wiki80_rand_800": {
            "vicuna-1.5-7b": 0.7679625721500721,
            "vicuna-1.3-33b": 0.6205262445887446,
            "llama-2-7b": 0.6983373015873017,
            "llama-2-70b": 0.6477493686868686,
            "wizardlm-70b": 0.8486984446451021,
            "text-davinci-003": 0.6527353702583966,
            "gpt-3.5-turbo-instruct": 0.6926386923082936,
            "gpt-3.5-turbo-1106": 0.6946322570925889,
            "gpt-4": 0.6616894841269841,
            "gpt-4-1106-preview": 0.6936225441225442,
            "mistral": 0.6780898331956209,
            "zephyr-7b-beta": 0.6814954228887018,
            "galactica-30b": 0.47914074207311436,
            "openchat": 0.6974487387612388
      }
}