{
      "cdr_rand_200": {
            "vicuna-1.5-7b": 0.31792429635471114,
            "vicuna-1.3-33b": 0.30511015281165194,
            "llama-2-7b": 0.2945908293853211
      },
      "docred_rand_200": {
            "vicuna-1.5-7b": 0.37730977972958085,
            "vicuna-1.3-33b": 0.41989937891633433,
            "llama-2-7b": 0.20707590569826054
      },
      "nyt10m_rand_500": {
            "vicuna-1.5-7b": 0.49414029065828285,
            "vicuna-1.3-33b": 0.5516142098382393,
            "llama-2-7b": 0.03838187688522861
      },
      "wiki20m_rand_500": {
            "vicuna-1.5-7b": 0.5579416026882634,
            "vicuna-1.3-33b": 0.5970904356574804
      },
      "tacred_rand_800": {
            "vicuna-1.5-7b": 0.5032092609707245,
            "vicuna-1.3-33b": 0.5853602224449544,
            "llama-2-7b": 0.572003910081704
      },
      "wiki80_rand_800": {
            "vicuna-1.3-33b": 0.6022205606440189
      }
}