{
      "cdr_rand_200": {
            "vicuna-1.5-7b": 0.10503116777013836,
            "vicuna-1.3-33b": 0.11548579545454545,
            "llama-2-7b": 0.0734803391053391,
            "llama-2-70b": 0.0646374007936508
      },
      "docred_rand_200": {
            "vicuna-1.5-7b": 0.09256503581227114,
            "vicuna-1.3-33b": 0.0956065244585939,
            "llama-2-7b": 0.03232697602105497,
            "llama-2-70b": 0.05863492956916013
      },
      "nyt10m_rand_500": {
            "vicuna-1.5-7b": 0.21995238095238093,
            "vicuna-1.3-33b": 0.2022857142857143,
            "llama-2-7b": 0.319060773480663,
            "llama-2-70b": 0.2217333333333333
      },
      "wiki20m_rand_500": {
            "vicuna-1.5-7b": 0.285
      },
      "tacred_rand_800": {},
      "wiki80_rand_800": {
            "vicuna-1.3-33b": 0.440625
      }
}